攻击时间,源IP,目标I,XFF地址,攻击类型
2020-03-15 01:30:17,10.253.64.209,10.251.96.45,103.126.124.4,"JSON反序列化代码执行,默认配置不当"
2020-03-15 01:34:09,116.252.0.36,103.126.125.6,,"路径穿越攻击,信息泄露"
2020-03-15 01:34:54,117.136.0.137,58.49.63.247,,"路径穿越攻击,SQL注入"
2020-03-15 01:34:54,117.136.0.137,58.49.63.247,,"路径穿越攻击,跨站脚本攻击（XSS）"
2020-03-15 01:34:54,117.136.0.137,58.49.63.247,,"路径穿越攻击,代码执行"
2020-03-15 01:34:54,117.136.0.137,58.49.63.247,,"路径穿越攻击,信息泄露"
2020-03-15 01:34:54,117.136.0.137,58.49.63.247,,"路径穿越攻击,SQL注入"
2020-03-15 01:34:54,117.136.0.137,58.49.63.247,,"路径穿越攻击,跨站脚本攻击（XSS）"
2020-03-15 01:34:54,117.136.0.137,58.49.63.247,,"路径穿越攻击,代码执行"
2020-03-15 01:34:54,117.136.0.137,58.49.63.247,,"路径穿越攻击,信息泄露"
2020-03-15 01:37:25,117.136.0.137,58.49.63.247,,"路径穿越攻击,跨站脚本攻击（XSS）"
2020-03-15 01:37:25,117.136.0.137,58.49.63.247,,"路径穿越攻击,信息泄露"
2020-03-15 01:37:25,117.136.0.137,58.49.63.247,,"路径穿越攻击,代码执行"
2020-03-15 01:41:44,117.136.0.137,58.49.63.247,,"路径穿越攻击,代码执行"
2020-03-15 01:41:44,117.136.0.137,58.49.63.247,,"路径穿越攻击,信息泄露"
2020-03-15 01:42:02,117.136.0.137,58.49.63.247,,"路径穿越攻击,跨站脚本攻击（XSS）"
2020-03-15 01:42:05,117.136.0.137,58.49.63.247,,"路径穿越攻击,SQL注入"
2020-03-15 01:42:18,117.136.0.137,103.126.125.80,,"路径穿越攻击,跨站脚本攻击（XSS）"
2020-03-15 01:42:18,117.136.0.137,103.126.125.80,,"路径穿越攻击,代码执行"
2020-03-15 01:42:18,117.136.0.137,103.126.125.80,,"路径穿越攻击,信息泄露"
2020-03-15 01:42:18,117.136.0.137,103.126.125.80,,"路径穿越攻击,SQL注入"
2020-03-15 01:43:25,117.136.0.137,58.49.63.247,,"路径穿越攻击,跨站脚本攻击（XSS）"
2020-03-15 01:43:25,117.136.0.137,58.49.63.247,,"路径穿越攻击,信息泄露"
2020-03-15 01:43:25,117.136.0.137,58.49.63.247,,"路径穿越攻击,SQL注入"
2020-03-15 03:22:14,10.3.245.76,10.3.38.109,94.191.83.226,"SQL注入攻击,SQL注入"
2020-03-15 03:22:14,10.3.245.76,10.3.38.109,94.191.83.226,"SQL注入攻击,SQL注入"
2020-03-15 03:22:14,10.3.245.76,10.3.38.109,94.191.83.226,"SQL注入攻击,SQL注入"
2020-03-15 03:22:19,10.3.245.9,10.3.38.111,94.191.83.226,"SQL注入攻击,SQL注入"
2020-03-15 03:22:19,10.3.245.9,10.3.38.111,94.191.83.226,"SQL注入攻击,SQL注入"
2020-03-15 03:22:19,10.3.245.9,10.3.38.111,94.191.83.226,"SQL注入攻击,SQL注入"
2020-03-15 03:22:21,10.3.245.3,10.3.38.113,94.191.83.226,"SQL注入攻击,SQL注入"
2020-03-15 03:22:21,10.3.245.3,10.3.38.113,94.191.83.226,"SQL注入攻击,SQL注入"
2020-03-15 03:22:21,10.3.245.3,10.3.38.113,94.191.83.226,"SQL注入攻击,SQL注入"
2020-03-15 03:22:24,10.3.245.23,10.3.38.114,94.191.83.226,"SQL注入攻击,SQL注入"
2020-03-15 03:22:29,10.3.245.36,10.3.38.111,94.191.83.226,"SQL注入攻击,SQL注入"
2020-03-15 02:18:38,117.136.0.137,58.49.63.247,,"路径穿越攻击,跨站脚本攻击（XSS）"
2020-03-15 02:18:39,117.136.0.137,58.49.63.247,,"路径穿越攻击,信息泄露"
2020-03-15 02:19:15,117.136.0.137,103.126.125.80,,"路径穿越攻击,信息泄露"
2020-03-15 02:19:15,117.136.0.137,103.126.125.80,,"路径穿越攻击,SQL注入"
2020-03-15 02:19:15,117.136.0.137,103.126.125.80,,"路径穿越攻击,代码执行"
2020-03-15 12:56:10,119.36.55.17,103.126.126.61,119.36.55.17,"XSS跨站脚本,跨站脚本攻击（XSS）"
2020-03-15 12:56:10,119.36.55.17,103.126.126.61,119.36.55.17,"XSS跨站脚本,代码执行"
2020-03-15 12:56:42,27.209.92.72,119.36.55.35,27.209.92.72,"SQL注入攻击,代码执行"
2020-03-15 12:56:41,27.209.92.72,119.36.55.35,27.209.92.72,"SQL注入攻击,SQL注入"
2020-03-15 08:27:06,10.5.204.134,10.5.33.81,211.159.177.120,"SQL注入攻击,SQL注入"
2020-03-15 07:30:15,10.3.245.81,10.3.38.60,,"SQL注入攻击,SQL注入"
2020-03-15 02:40:41,180.97.211.48,58.49.34.138,180.101.24.80,"路径穿越攻击,信息泄露"
2020-03-15 02:40:41,180.97.211.48,58.49.34.138,180.101.24.80,"XSS跨站脚本,信息泄露"
2020-03-15 02:40:41,180.97.211.48,58.49.34.138,180.101.24.80,"XSS跨站脚本,信息泄露"
2020-03-15 01:52:56,117.136.0.137,58.49.63.247,,"路径穿越攻击,跨站脚本攻击（XSS）"
2020-03-15 01:52:56,117.136.0.137,58.49.63.247,,"路径穿越攻击,信息泄露"
2020-03-15 01:52:56,117.136.0.137,58.49.63.247,,"路径穿越攻击,代码执行"
2020-03-15 01:53:13,117.136.0.137,58.49.63.247,,"路径穿越攻击,跨站脚本攻击（XSS）"
2020-03-15 01:53:13,117.136.0.137,58.49.63.247,,"路径穿越攻击,信息泄露"
2020-03-15 01:53:56,117.136.0.137,58.49.63.247,,"路径穿越攻击,SQL注入"
2020-03-15 01:53:57,117.136.0.137,58.49.63.247,,"路径穿越攻击,信息泄露"
2020-03-15 01:53:56,117.136.0.137,58.49.63.247,,"路径穿越攻击,跨站脚本攻击（XSS）"
2020-03-15 01:53:56,117.136.0.137,58.49.63.247,,"路径穿越攻击,代码执行"
2020-03-15 01:54:18,117.136.0.137,58.49.63.247,,"路径穿越攻击,跨站脚本攻击（XSS）"
2020-03-15 01:54:18,117.136.0.137,58.49.63.247,,"路径穿越攻击,代码执行"
2020-03-15 01:54:18,117.136.0.137,58.49.63.247,,"路径穿越攻击,SQL注入"
2020-03-15 01:54:18,117.136.0.137,58.49.63.247,,"路径穿越攻击,信息泄露"
2020-03-15 01:54:30,117.136.0.137,103.126.125.80,,"路径穿越攻击,代码执行"
2020-03-15 01:54:30,117.136.0.137,103.126.125.80,,"路径穿越攻击,信息泄露"
2020-03-15 01:54:30,117.136.0.137,103.126.125.80,,"路径穿越攻击,SQL注入"
2020-03-15 01:54:30,117.136.0.137,103.126.125.80,,"路径穿越攻击,跨站脚本攻击（XSS）"
2020-03-15 01:55:32,117.136.0.137,58.49.63.247,,"路径穿越攻击,信息泄露"
2020-03-15 01:55:32,117.136.0.137,58.49.63.247,,"路径穿越攻击,跨站脚本攻击（XSS）"
2020-03-15 01:55:32,117.136.0.137,58.49.63.247,,"路径穿越攻击,SQL注入"
2020-03-15 01:56:46,119.186.37.40,10.3.32.15,,"SQL注入攻击,代码执行"
2020-03-15 01:56:45,119.186.37.40,10.3.32.15,,"SQL注入攻击,SQL注入"
2020-03-15 01:56:45,119.186.37.40,10.3.32.15,,"SQL注入攻击,代码执行"
2020-03-15 01:56:45,119.186.37.40,10.3.32.15,,"SQL注入攻击,代码执行"
2020-03-15 01:56:52,175.184.166.45,103.126.125.65,,"路径穿越攻击,信息泄露"
2020-03-15 01:56:50,119.186.37.40,10.3.32.21,,"XSS跨站脚本,文件下载"
2020-03-15 01:56:50,119.186.37.40,10.3.32.21,,"XSS跨站脚本,跨站脚本攻击（XSS）"
2020-03-15 01:56:50,119.186.37.40,10.3.32.21,,"XSS跨站脚本,代码执行"
2020-03-15 01:56:50,119.186.37.40,10.3.32.21,,"XSS跨站脚本,其他"
2020-03-15 01:56:50,119.186.37.40,10.3.32.21,,"SQL注入攻击,文件下载"
2020-03-15 01:56:50,119.186.37.40,10.3.32.21,,"SQL注入攻击,跨站脚本攻击（XSS）"
2020-03-15 01:56:50,119.186.37.40,10.3.32.21,,"SQL注入攻击,代码执行"
2020-03-15 01:56:50,119.186.37.40,10.3.32.21,,"SQL注入攻击,其他"
2020-03-15 01:57:25,223.167.75.220,58.49.63.227,,"路径穿越攻击,信息泄露"
2020-03-15 01:58:53,117.136.0.137,58.49.63.247,,"路径穿越攻击,信息泄露"
2020-03-15 01:58:50,117.136.0.137,58.49.63.247,,"路径穿越攻击,代码执行"
2020-03-15 01:59:15,117.136.0.137,58.49.63.247,,"路径穿越攻击,SQL注入"
2020-03-15 01:59:15,117.136.0.137,58.49.63.247,,"路径穿越攻击,信息泄露"
2020-03-15 01:59:15,117.136.0.137,58.49.63.247,,"路径穿越攻击,跨站脚本攻击（XSS）"
2020-03-15 01:59:15,117.136.0.137,58.49.63.247,,"路径穿越攻击,代码执行"
2020-03-15 02:00:38,117.136.0.137,103.126.125.80,,"路径穿越攻击,SQL注入"
2020-03-15 02:00:39,117.136.0.137,103.126.125.80,,"路径穿越攻击,信息泄露"
2020-03-15 02:00:38,117.136.0.137,103.126.125.80,,"路径穿越攻击,跨站脚本攻击（XSS）"
2020-03-15 02:01:40,117.136.0.137,58.49.63.247,,"路径穿越攻击,跨站脚本攻击（XSS）"
2020-03-15 02:01:40,117.136.0.137,58.49.63.247,,"路径穿越攻击,代码执行"
2020-03-15 02:01:40,117.136.0.137,58.49.63.247,,"路径穿越攻击,SQL注入"
2020-03-15 02:01:40,117.136.0.137,58.49.63.247,,"路径穿越攻击,信息泄露"
2020-03-15 02:03:23,119.186.37.40,119.36.239.229,,"SQL注入攻击,SQL注入"
2020-03-15 02:03:23,119.186.37.40,119.36.239.229,,"SQL注入攻击,代码执行"
2020-03-15 02:04:06,219.140.118.15,103.126.125.108,,"路径穿越攻击,信息泄露"
2020-03-15 02:05:02,117.136.0.137,58.49.63.247,,"路径穿越攻击,代码执行"
2020-03-15 02:05:06,117.136.0.137,58.49.63.247,,"路径穿越攻击,信息泄露"
2020-03-15 02:05:03,117.136.0.137,58.49.63.247,,"路径穿越攻击,SQL注入"
2020-03-15 02:05:02,117.136.0.137,58.49.63.247,,"路径穿越攻击,跨站脚本攻击（XSS）"
2020-03-15 02:05:02,117.136.0.137,58.49.63.247,,"路径穿越攻击,代码执行"
2020-03-15 02:05:06,117.136.0.137,58.49.63.247,,"路径穿越攻击,信息泄露"
2020-03-15 02:05:03,117.136.0.137,58.49.63.247,,"路径穿越攻击,SQL注入"
2020-03-15 02:05:02,117.136.0.137,58.49.63.247,,"路径穿越攻击,跨站脚本攻击（XSS）"
2020-03-15 02:06:50,117.136.0.137,103.126.125.80,,"路径穿越攻击,SQL注入"
2020-03-15 02:06:51,117.136.0.137,103.126.125.80,,"路径穿越攻击,信息泄露"
2020-03-15 02:06:50,117.136.0.137,103.126.125.80,,"路径穿越攻击,代码执行"
2020-03-15 02:06:50,117.136.0.137,103.126.125.80,,"路径穿越攻击,跨站脚本攻击（XSS）"
2020-03-15 02:07:52,117.136.0.137,58.49.63.247,,"路径穿越攻击,跨站脚本攻击（XSS）"
2020-03-15 02:07:52,117.136.0.137,58.49.63.247,,"路径穿越攻击,代码执行"
2020-03-15 02:07:52,117.136.0.137,58.49.63.247,,"路径穿越攻击,信息泄露"
2020-03-15 02:07:52,117.136.0.137,58.49.63.247,,"路径穿越攻击,SQL注入"
2020-03-15 00:28:49,124.235.138.181,58.49.34.166,,"路径穿越攻击,信息泄露"
2020-03-15 00:33:42,113.128.105.19,103.126.125.19,,"路径穿越攻击,信息泄露"
2020-03-15 00:52:51,222.82.48.192,103.126.125.16,,"路径穿越攻击,信息泄露"
2020-03-15 00:56:46,60.186.109.37,103.126.125.116,,"路径穿越攻击,信息泄露"
2020-03-15 00:58:35,222.186.20.182,58.49.34.138,180.101.24.81,"XSS跨站脚本,跨站脚本攻击（XSS）"
2020-03-15 00:58:37,222.186.20.182,58.49.34.138,180.101.24.81,"XSS跨站脚本,跨站脚本攻击（XSS）"
2020-03-15 00:58:35,222.186.20.182,58.49.34.138,180.101.24.81,"XSS跨站脚本,跨站脚本攻击（XSS）"
2020-03-15 00:58:37,222.186.20.182,58.49.34.138,180.101.24.81,"XSS跨站脚本,跨站脚本攻击（XSS）"
2020-03-15 00:58:35,222.186.20.182,58.49.34.138,180.101.24.81,"XSS跨站脚本,跨站脚本攻击（XSS）"
2020-03-15 00:58:37,222.186.20.182,58.49.34.138,180.101.24.81,"XSS跨站脚本,跨站脚本攻击（XSS）"
2020-03-15 00:58:35,222.186.20.182,58.49.34.138,180.101.24.81,"XSS跨站脚本,跨站脚本攻击（XSS）"
2020-03-15 00:58:37,222.186.20.182,58.49.34.138,180.101.24.81,"XSS跨站脚本,跨站脚本攻击（XSS）"
2020-03-15 00:58:35,222.186.20.182,58.49.34.138,180.101.24.81,"XSS跨站脚本,跨站脚本攻击（XSS）"
2020-03-15 00:58:37,222.186.20.182,58.49.34.138,180.101.24.81,"XSS跨站脚本,跨站脚本攻击（XSS）"
2020-03-15 00:58:35,222.186.20.182,58.49.34.138,180.101.24.81,"XSS跨站脚本,跨站脚本攻击（XSS）"
2020-03-15 00:58:37,222.186.20.182,58.49.34.138,180.101.24.81,"XSS跨站脚本,跨站脚本攻击（XSS）"
2020-03-15 00:58:35,222.186.20.182,58.49.34.138,180.101.24.81,"XSS跨站脚本,跨站脚本攻击（XSS）"
2020-03-15 00:58:37,222.186.20.182,58.49.34.138,180.101.24.81,"XSS跨站脚本,跨站脚本攻击（XSS）"
2020-03-15 00:58:35,222.186.20.182,58.49.34.138,180.101.24.81,"XSS跨站脚本,跨站脚本攻击（XSS）"
2020-03-15 00:58:37,222.186.20.182,58.49.34.138,180.101.24.81,"XSS跨站脚本,跨站脚本攻击（XSS）"
2020-03-15 00:58:35,222.186.20.182,58.49.34.138,180.101.24.81,"XSS跨站脚本,跨站脚本攻击（XSS）"
2020-03-15 00:58:37,222.186.20.182,58.49.34.138,180.101.24.81,"XSS跨站脚本,跨站脚本攻击（XSS）"
2020-03-15 00:58:35,222.186.20.182,58.49.34.138,180.101.24.81,"XSS跨站脚本,跨站脚本攻击（XSS）"
2020-03-15 00:58:37,222.186.20.182,58.49.34.138,180.101.24.81,"XSS跨站脚本,跨站脚本攻击（XSS）"
2020-03-15 00:58:35,222.186.20.182,58.49.34.138,180.101.24.81,"XSS跨站脚本,跨站脚本攻击（XSS）"
2020-03-15 00:58:37,222.186.20.182,58.49.34.138,180.101.24.81,"XSS跨站脚本,跨站脚本攻击（XSS）"
2020-03-15 00:58:35,222.186.20.182,58.49.34.138,180.101.24.81,"XSS跨站脚本,跨站脚本攻击（XSS）"
2020-03-15 00:58:37,222.186.20.182,58.49.34.138,180.101.24.81,"XSS跨站脚本,跨站脚本攻击（XSS）"
2020-03-15 00:58:35,222.186.20.182,58.49.34.138,180.101.24.81,"XSS跨站脚本,跨站脚本攻击（XSS）"
2020-03-15 00:58:37,222.186.20.182,58.49.34.138,180.101.24.81,"XSS跨站脚本,跨站脚本攻击（XSS）"
2020-03-15 00:58:35,222.186.20.182,58.49.34.138,180.101.24.81,"XSS跨站脚本,跨站脚本攻击（XSS）"
2020-03-15 00:58:37,222.186.20.182,58.49.34.138,180.101.24.81,"XSS跨站脚本,跨站脚本攻击（XSS）"
2020-03-15 01:01:34,117.136.0.137,58.49.63.247,,"路径穿越攻击,信息泄露"
2020-03-15 01:01:34,117.136.0.137,58.49.63.247,,"路径穿越攻击,SQL注入"
2020-03-15 01:01:34,117.136.0.137,58.49.63.247,,"路径穿越攻击,代码执行"
2020-03-15 01:02:02,117.136.0.137,58.49.63.247,,"路径穿越攻击,SQL注入"
2020-03-15 01:02:03,117.136.0.137,58.49.63.247,,"路径穿越攻击,跨站脚本攻击（XSS）"
2020-03-15 02:53:03,10.3.245.73,10.3.38.112,185.211.59.184,"SQL注入攻击,SQL注入"
2020-03-15 02:53:13,10.3.245.47,10.3.38.110,185.211.59.184,"SQL注入攻击,SQL注入"
2020-03-14 23:51:18,27.224.136.251,103.126.125.50,,"路径穿越攻击,信息泄露"
2020-03-15 00:01:19,116.252.0.5,103.126.125.165,,"路径穿越攻击,信息泄露"
2020-03-15 02:23:51,117.136.0.137,58.49.63.247,,"路径穿越攻击,代码执行"
2020-03-15 02:23:58,117.136.0.137,58.49.63.247,,"路径穿越攻击,信息泄露"
2020-03-15 02:23:51,117.136.0.137,58.49.63.247,,"路径穿越攻击,跨站脚本攻击（XSS）"
2020-03-15 02:25:34,117.136.0.137,58.49.63.247,,"路径穿越攻击,代码执行"
2020-03-15 02:25:33,117.136.0.137,58.49.63.247,,"路径穿越攻击,跨站脚本攻击（XSS）"
2020-03-15 02:25:33,117.136.0.137,58.49.63.247,,"路径穿越攻击,SQL注入"
2020-03-15 02:25:34,117.136.0.137,58.49.63.247,,"路径穿越攻击,信息泄露"
2020-03-15 02:25:45,117.136.0.137,103.126.125.80,,"路径穿越攻击,跨站脚本攻击（XSS）"
2020-03-15 02:25:46,117.136.0.137,103.126.125.80,,"路径穿越攻击,信息泄露"
2020-03-15 02:25:45,117.136.0.137,103.126.125.80,,"路径穿越攻击,SQL注入"
2020-03-15 02:25:46,117.136.0.137,103.126.125.80,,"路径穿越攻击,代码执行"
2020-03-15 02:27:02,117.136.0.137,58.49.63.247,,"路径穿越攻击,SQL注入"
2020-03-15 02:27:03,117.136.0.137,58.49.63.247,,"路径穿越攻击,信息泄露"
2020-03-15 02:27:03,117.136.0.137,58.49.63.247,,"路径穿越攻击,代码执行"
2020-03-15 02:27:02,117.136.0.137,58.49.63.247,,"路径穿越攻击,跨站脚本攻击（XSS）"
2020-03-15 00:07:19,150.255.7.129,103.126.125.10,,"路径穿越攻击,信息泄露"
2020-03-15 00:43:43,58.248.201.193,58.49.34.143,,"路径穿越攻击,信息泄露"
2020-03-15 00:44:53,171.117.227.169,103.126.125.12,,"路径穿越攻击,信息泄露"
2020-03-15 00:47:52,118.81.84.134,103.126.125.146,,"路径穿越攻击,信息泄露"
2020-03-15 01:03:36,113.58.224.158,103.126.126.165,,"路径穿越攻击,信息泄露"
2020-03-15 01:03:35,117.136.0.137,58.49.63.247,,"路径穿越攻击,代码执行"
2020-03-15 01:03:36,117.136.0.137,58.49.63.247,,"路径穿越攻击,信息泄露"
2020-03-15 01:03:35,117.136.0.137,58.49.63.247,,"路径穿越攻击,SQL注入"
2020-03-15 01:03:35,117.136.0.137,58.49.63.247,,"路径穿越攻击,跨站脚本攻击（XSS）"
2020-03-15 01:04:12,116.252.0.127,119.36.239.150,,"路径穿越攻击,信息泄露"
2020-03-15 01:04:18,180.97.211.51,119.36.239.141,180.101.115.31,"路径穿越攻击,信息泄露"
2020-03-15 01:04:18,180.97.211.51,119.36.239.141,180.101.115.31,"路径穿越攻击,代码执行"
2020-03-15 01:04:38,180.97.211.51,119.36.239.141,180.101.115.31,"路径穿越攻击,跨站脚本攻击（XSS）"
2020-03-15 01:04:38,180.97.211.51,119.36.239.141,180.101.115.31,"XSS跨站脚本,跨站脚本攻击（XSS）"
2020-03-15 01:06:44,117.136.0.137,58.49.63.247,,"路径穿越攻击,SQL注入"
2020-03-15 01:06:45,117.136.0.137,58.49.63.247,,"路径穿越攻击,信息泄露"
2020-03-15 01:06:47,117.136.0.137,58.49.63.247,,"路径穿越攻击,跨站脚本攻击（XSS）"
2020-03-15 01:07:53,117.136.0.137,58.49.63.247,,"路径穿越攻击,SQL注入"
2020-03-15 01:07:54,117.136.0.137,58.49.63.247,,"路径穿越攻击,跨站脚本攻击（XSS）"
2020-03-15 01:07:54,117.136.0.137,58.49.63.247,,"路径穿越攻击,代码执行"
2020-03-15 01:07:54,117.136.0.137,58.49.63.247,,"路径穿越攻击,信息泄露"
2020-03-15 01:08:27,117.136.0.137,58.49.63.247,,"路径穿越攻击,信息泄露"
2020-03-15 01:08:44,117.136.0.137,103.126.125.80,,"路径穿越攻击,信息泄露"
2020-03-15 01:08:43,117.136.0.137,103.126.125.80,,"路径穿越攻击,SQL注入"
2020-03-15 01:08:44,117.136.0.137,103.126.125.80,,"路径穿越攻击,代码执行"
2020-03-15 01:13:59,117.136.0.137,58.49.63.247,,"路径穿越攻击,SQL注入"
2020-03-15 01:13:59,117.136.0.137,58.49.63.247,,"路径穿越攻击,信息泄露"
2020-03-15 01:14:00,117.136.0.137,58.49.63.247,,"路径穿越攻击,代码执行"
2020-03-15 02:12:29,117.136.0.137,58.49.63.247,,"路径穿越攻击,代码执行"
2020-03-15 02:12:29,117.136.0.137,58.49.63.247,,"路径穿越攻击,SQL注入"
2020-03-15 02:12:29,117.136.0.137,58.49.63.247,,"路径穿越攻击,信息泄露"
2020-03-15 02:12:29,117.136.0.137,58.49.63.247,,"路径穿越攻击,跨站脚本攻击（XSS）"
2020-03-15 02:13:48,117.136.0.137,58.49.63.247,,"路径穿越攻击,SQL注入"
2020-03-15 02:13:49,117.136.0.137,58.49.63.247,,"路径穿越攻击,信息泄露"
2020-03-15 02:13:49,117.136.0.137,58.49.63.247,,"路径穿越攻击,跨站脚本攻击（XSS）"
2020-03-15 02:13:49,117.136.0.137,58.49.63.247,,"路径穿越攻击,代码执行"
2020-03-15 04:33:26,180.97.211.81,58.49.34.138,180.101.24.81,"SQL注入攻击,SQL注入"
2020-03-15 04:33:26,180.97.211.81,58.49.34.138,180.101.24.81,"SQL注入攻击,SQL注入"
2020-03-15 04:33:26,180.97.211.81,58.49.34.138,180.101.24.81,"SQL注入攻击,SQL注入"
2020-03-15 04:33:26,180.97.211.81,58.49.34.138,180.101.24.81,"SQL注入攻击,SQL注入"
2020-03-15 04:33:26,180.97.211.81,58.49.34.138,180.101.24.81,"SQL注入攻击,SQL注入"
2020-03-15 04:33:26,180.97.211.81,58.49.34.138,180.101.24.81,"SQL注入攻击,SQL注入"
2020-03-15 04:33:26,180.97.211.81,58.49.34.138,180.101.24.81,"SQL注入攻击,SQL注入"
2020-03-15 02:15:23,180.97.211.48,58.49.34.138,180.101.24.38,"路径穿越攻击,信息泄露"
2020-03-15 02:15:27,180.97.211.48,58.49.34.138,180.101.24.38,"路径穿越攻击,代码执行"
2020-03-15 02:15:23,180.97.211.48,58.49.34.138,180.101.24.38,"路径穿越攻击,信息泄露"
2020-03-15 02:15:27,180.97.211.48,58.49.34.138,180.101.24.38,"路径穿越攻击,代码执行"
2020-03-15 02:15:34,180.97.211.48,58.49.34.138,180.101.24.38,"XSS跨站脚本,代码执行"
2020-03-15 02:15:34,180.97.211.48,58.49.34.138,180.101.24.38,"路径穿越攻击,代码执行"
2020-03-15 02:15:40,180.97.211.48,58.49.34.138,180.101.24.38,"路径穿越攻击,代码执行"
2020-03-15 02:15:40,180.97.211.48,58.49.34.138,180.101.24.38,"XSS跨站脚本,代码执行"
2020-03-15 02:15:40,180.97.211.48,58.49.34.138,180.101.24.38,"SQL注入攻击,代码执行"
2020-03-15 02:15:40,180.97.211.48,58.49.34.138,180.101.24.38,"XSS跨站脚本,代码执行"
2020-03-15 02:15:40,180.97.211.48,58.49.34.138,180.101.24.38,"XSS跨站脚本,代码执行"
2020-03-15 04:36:28,202.79.173.12,10.5.192.64,,"SQL注入攻击,SQL注入"
2020-03-15 04:36:28,10.5.204.133,10.5.33.148,202.79.173.12,"SQL注入攻击,SQL注入"
2020-03-15 15:26:47,183.131.177.99,58.49.34.138,112.252.19.146,"SQL注入攻击,SQL注入"
2020-03-15 15:26:50,180.97.211.48,58.49.34.138,112.252.19.146,"SQL注入攻击,代码执行"
2020-03-15 15:26:54,180.97.211.48,58.49.34.138,112.252.19.146,"SQL注入攻击,跨站脚本攻击（XSS）"
2020-03-15 15:26:59,180.97.211.48,58.49.34.138,112.252.19.146,"SQL注入攻击,命令执行"
2020-03-15 15:26:50,180.97.211.48,58.49.34.138,112.252.19.146,"XSS跨站脚本,代码执行"
2020-03-15 15:26:54,180.97.211.48,58.49.34.138,112.252.19.146,"XSS跨站脚本,跨站脚本攻击（XSS）"
2020-03-15 15:26:59,180.97.211.48,58.49.34.138,112.252.19.146,"XSS跨站脚本,命令执行"
2020-03-15 15:26:54,119.36.55.17,103.126.126.14,119.36.55.17,"XSS跨站脚本,跨站脚本攻击（XSS）"
2020-03-15 15:26:53,119.36.55.17,103.126.126.14,119.36.55.17,"XSS跨站脚本,代码执行"
2020-03-15 01:16:55,117.136.0.137,58.49.63.247,,"路径穿越攻击,信息泄露"
2020-03-15 01:16:55,117.136.0.137,58.49.63.247,,"路径穿越攻击,SQL注入"
2020-03-15 01:17:41,116.249.34.42,103.126.125.9,,"路径穿越攻击,信息泄露"
2020-03-15 01:24:11,10.3.98.193,10.3.35.20,103.85.21.150,"SQL注入攻击,SQL注入"
2020-03-15 01:27:04,117.136.0.137,58.49.63.247,,"路径穿越攻击,SQL注入"
2020-03-15 01:27:04,117.136.0.137,58.49.63.247,,"路径穿越攻击,信息泄露"
2020-03-15 01:27:04,117.136.0.137,58.49.63.247,,"路径穿越攻击,跨站脚本攻击（XSS）"
2020-03-15 01:27:04,117.136.0.137,58.49.63.247,,"路径穿越攻击,代码执行"
2020-03-15 01:27:13,221.13.12.11,103.126.125.35,,"路径穿越攻击,信息泄露"
2020-03-15 01:27:27,117.136.0.137,58.49.63.247,,"路径穿越攻击,代码执行"
2020-03-15 01:27:27,117.136.0.137,58.49.63.247,,"路径穿越攻击,跨站脚本攻击（XSS）"
2020-03-15 01:27:27,117.136.0.137,58.49.63.247,,"路径穿越攻击,SQL注入"
2020-03-15 01:27:27,117.136.0.137,58.49.63.247,,"路径穿越攻击,信息泄露"
2020-03-15 01:27:40,117.136.0.137,103.126.125.80,,"路径穿越攻击,信息泄露"
2020-03-15 01:27:40,117.136.0.137,103.126.125.80,,"路径穿越攻击,跨站脚本攻击（XSS）"
2020-03-15 01:27:40,117.136.0.137,103.126.125.80,,"路径穿越攻击,代码执行"
2020-03-15 01:27:40,117.136.0.137,103.126.125.80,,"路径穿越攻击,SQL注入"
2020-03-15 01:28:49,117.136.0.137,58.49.63.247,,"路径穿越攻击,信息泄露"
2020-03-15 05:04:32,119.186.37.40,58.49.34.235,,"SQL注入攻击,代码执行"
2020-03-15 04:17:47,188.242.167.211,58.49.34.233,,"路径穿越攻击,信息泄露"
2020-03-15 05:36:22,10.3.242.46,10.3.34.58,118.25.111.38,"SQL注入攻击,SQL注入"
2020-03-15 05:36:22,10.3.242.46,10.3.34.58,118.25.111.38,"SQL注入攻击,SQL注入"
2020-03-15 08:42:32,10.3.243.22,10.3.38.64,62.162.58.40,"SQL注入攻击,SQL注入"
2020-03-15 05:39:38,10.3.245.93,10.3.38.112,61.115.36.124,"SQL注入攻击,SQL注入"
2020-03-15 05:39:38,10.3.245.93,10.3.38.112,61.115.36.124,"SQL注入攻击,SQL注入"
2020-03-15 05:39:49,10.3.245.28,10.3.38.110,61.115.36.124,"SQL注入攻击,SQL注入"
2020-03-15 05:39:49,10.3.245.28,10.3.38.110,61.115.36.124,"SQL注入攻击,SQL注入"
2020-03-15 21:19:22,188.242.167.211,119.36.239.217,,"路径穿越攻击,信息泄露"
2020-03-15 05:24:49,103.103.69.167,10.5.192.69,,"SQL注入攻击,SQL注入"
2020-03-15 06:49:34,10.3.98.134,10.3.35.17,23.224.160.159,"SQL注入攻击,SQL注入"
2020-03-15 06:49:36,10.3.241.95,10.3.35.187,49.234.204.145,"SQL注入攻击,SQL注入"
2020-03-15 06:49:36,10.3.241.95,10.3.35.187,49.234.204.145,"SQL注入攻击,代码执行"
2020-03-15 06:49:33,10.3.241.95,10.3.35.187,49.234.204.145,"SQL注入攻击,代码执行"
2020-03-15 06:49:36,10.3.241.95,10.3.35.187,49.234.204.145,"SQL注入攻击,代码执行"
2020-03-15 13:04:49,117.132.183.74,10.3.32.9,,"SQL注入攻击,SQL注入"
2020-03-15 16:19:30,11.49.97.105,11.160.162.49,,"JSON反序列化代码执行,命令执行"
2020-03-15 16:19:30,11.49.97.105,11.160.162.49,,"JSON反序列化代码执行,命令执行"
2020-03-15 16:20:24,11.49.97.86,11.160.162.49,,"JSON反序列化代码执行,命令执行"
2020-03-15 16:20:24,11.49.97.86,11.160.162.49,,"JSON反序列化代码执行,命令执行"
2020-03-15 16:20:24,11.49.97.86,11.160.162.49,,"JSON反序列化代码执行,命令执行"
2020-03-15 16:20:24,11.49.97.86,11.160.162.49,,"JSON反序列化代码执行,命令执行"
2020-03-15 16:20:24,11.49.97.86,11.160.162.49,,"JSON反序列化代码执行,命令执行"
2020-03-15 16:20:24,11.49.97.86,11.160.162.49,,"JSON反序列化代码执行,命令执行"
2020-03-15 16:20:24,11.49.97.86,11.160.162.49,,"JSON反序列化代码执行,命令执行"
2020-03-15 16:20:24,11.49.97.86,11.160.162.49,,"JSON反序列化代码执行,命令执行"
2020-03-15 16:20:24,11.49.97.86,11.160.162.49,,"JSON反序列化代码执行,命令执行"
2020-03-15 16:20:24,11.49.97.86,11.160.162.49,,"JSON反序列化代码执行,命令执行"
2020-03-15 16:20:24,11.49.97.86,11.160.162.49,,"JSON反序列化代码执行,命令执行"
2020-03-15 16:20:24,11.49.97.86,11.160.162.49,,"JSON反序列化代码执行,命令执行"
2020-03-15 16:20:24,11.49.97.86,11.160.162.49,,"JSON反序列化代码执行,命令执行"
2020-03-15 16:20:24,11.49.97.86,11.160.162.49,,"JSON反序列化代码执行,命令执行"
2020-03-15 16:20:24,11.49.97.86,11.160.162.49,,"JSON反序列化代码执行,命令执行"
2020-03-15 16:20:24,11.49.97.86,11.160.162.49,,"JSON反序列化代码执行,命令执行"
2020-03-15 16:20:24,11.49.97.86,11.160.162.49,,"JSON反序列化代码执行,命令执行"
2020-03-15 16:20:24,11.49.97.86,11.160.162.49,,"JSON反序列化代码执行,命令执行"
2020-03-15 16:20:24,11.49.97.86,11.160.162.49,,"JSON反序列化代码执行,命令执行"
2020-03-15 16:20:24,11.49.97.86,11.160.162.49,,"JSON反序列化代码执行,命令执行"
2020-03-15 16:20:24,11.49.97.86,11.160.162.49,,"JSON反序列化代码执行,命令执行"
2020-03-15 16:20:24,11.49.97.86,11.160.162.49,,"JSON反序列化代码执行,命令执行"
2020-03-15 16:20:24,11.49.97.86,11.160.162.49,,"JSON反序列化代码执行,命令执行"
2020-03-15 16:20:24,11.49.97.86,11.160.162.49,,"JSON反序列化代码执行,命令执行"
2020-03-15 16:20:24,11.49.97.86,11.160.162.49,,"JSON反序列化代码执行,命令执行"
2020-03-15 16:20:24,11.49.97.86,11.160.162.49,,"JSON反序列化代码执行,命令执行"
2020-03-15 16:20:24,11.49.97.86,11.160.162.49,,"JSON反序列化代码执行,命令执行"
2020-03-15 15:52:11,180.97.211.80,58.49.34.138,119.185.4.23,"SQL注入攻击,SQL注入"
2020-03-15 15:52:14,180.97.211.80,58.49.34.138,119.185.4.23,"SQL注入攻击,跨站脚本攻击（XSS）"
2020-03-15 15:52:11,180.97.211.80,58.49.34.138,119.185.4.23,"SQL注入攻击,代码执行"
2020-03-15 15:52:11,180.97.211.80,58.49.34.138,119.185.4.23,"XSS跨站脚本,SQL注入"
2020-03-15 15:52:14,180.97.211.80,58.49.34.138,119.185.4.23,"XSS跨站脚本,跨站脚本攻击（XSS）"
2020-03-15 15:52:11,180.97.211.80,58.49.34.138,119.185.4.23,"XSS跨站脚本,代码执行"
2020-03-15 15:52:14,119.36.55.17,103.126.126.14,"119.185.4.23,180.97.211.80","XSS跨站脚本,代码执行"
2020-03-15 15:52:14,119.36.55.17,103.126.126.14,"119.185.4.23,180.97.211.80","XSS跨站脚本,跨站脚本攻击（XSS）"
2020-03-15 15:52:14,119.36.55.17,103.126.126.14,119.36.55.17,"XSS跨站脚本,代码执行"
2020-03-15 15:52:14,119.36.55.17,103.126.126.14,119.36.55.17,"XSS跨站脚本,跨站脚本攻击（XSS）"
2020-03-15 01:46:20,117.136.0.137,58.49.63.247,,"路径穿越攻击,信息泄露"
2020-03-15 01:46:20,117.136.0.137,58.49.63.247,,"路径穿越攻击,SQL注入"
2020-03-15 01:46:20,117.136.0.137,58.49.63.247,,"路径穿越攻击,代码执行"
2020-03-15 01:47:06,117.136.0.137,58.49.63.247,,"路径穿越攻击,代码执行"
2020-03-15 01:47:06,117.136.0.137,58.49.63.247,,"路径穿越攻击,跨站脚本攻击（XSS）"
2020-03-15 01:47:06,117.136.0.137,58.49.63.247,,"路径穿越攻击,信息泄露"
2020-03-15 01:47:10,116.252.0.188,103.126.126.217,,"路径穿越攻击,信息泄露"
2020-03-15 01:47:28,117.136.0.137,58.49.63.247,,"路径穿越攻击,SQL注入"
2020-03-15 01:47:28,117.136.0.137,58.49.63.247,,"路径穿越攻击,代码执行"
2020-03-15 01:47:28,117.136.0.137,58.49.63.247,,"路径穿越攻击,信息泄露"
2020-03-15 01:47:28,117.136.0.137,58.49.63.247,,"路径穿越攻击,跨站脚本攻击（XSS）"
2020-03-15 01:47:56,117.136.0.137,103.126.125.80,,"路径穿越攻击,代码执行"
2020-03-15 01:47:56,117.136.0.137,103.126.125.80,,"路径穿越攻击,信息泄露"
2020-03-15 01:47:56,117.136.0.137,103.126.125.80,,"路径穿越攻击,SQL注入"
2020-03-15 01:47:56,117.136.0.137,103.126.125.80,,"路径穿越攻击,跨站脚本攻击（XSS）"
2020-03-15 01:48:47,223.166.74.103,103.126.125.80,,"路径穿越攻击,信息泄露"
2020-03-15 01:48:59,117.136.0.137,58.49.63.247,,"路径穿越攻击,信息泄露"
2020-03-15 01:48:59,117.136.0.137,58.49.63.247,,"路径穿越攻击,跨站脚本攻击（XSS）"
2020-03-15 01:48:59,117.136.0.137,58.49.63.247,,"路径穿越攻击,SQL注入"
2020-03-15 01:49:07,112.193.169.224,103.126.125.42,,"路径穿越攻击,信息泄露"
2020-03-15 17:27:47,11.49.97.28,11.160.162.43,,"JSON反序列化代码执行,命令执行"
2020-03-15 17:27:47,11.49.97.28,11.160.162.43,,"JSON反序列化代码执行,命令执行"
2020-03-15 17:27:47,11.49.97.28,11.160.162.43,,"JSON反序列化代码执行,命令执行"
2020-03-15 17:27:47,11.49.97.28,11.160.162.43,,"JSON反序列化代码执行,命令执行"
2020-03-15 17:27:47,11.49.97.28,11.160.162.43,,"JSON反序列化代码执行,命令执行"
2020-03-15 17:27:47,11.49.97.28,11.160.162.43,,"JSON反序列化代码执行,命令执行"
2020-03-15 14:32:59,119.81.70.165,10.5.192.63,,"SQL注入攻击,SQL注入"
2020-03-15 14:32:59,119.81.70.165,10.5.192.63,,"SQL注入攻击,SQL注入"
2020-03-15 14:32:59,119.81.70.165,10.5.192.63,,"SQL注入攻击,SQL注入"
2020-03-15 14:32:52,10.5.204.109,10.5.33.90,119.81.70.165,"SQL注入攻击,SQL注入"
2020-03-15 14:33:03,10.5.204.94,10.5.33.74,119.81.70.165,"SQL注入攻击,SQL注入"
2020-03-15 14:33:06,10.5.204.215,10.5.33.87,119.81.70.165,"SQL注入攻击,SQL注入"
2020-03-15 14:33:13,10.5.204.203,10.5.33.74,119.81.70.165,"SQL注入攻击,SQL注入"
2020-03-15 14:33:17,10.5.204.26,10.5.33.87,119.81.70.165,"SQL注入攻击,SQL注入"
2020-03-15 14:33:27,119.81.70.165,10.5.192.63,,"SQL注入攻击,SQL注入"
2020-03-15 14:33:27,119.81.70.165,10.5.192.63,,"SQL注入攻击,SQL注入"
2020-03-15 14:33:27,119.81.70.165,10.5.192.63,,"SQL注入攻击,SQL注入"
2020-03-15 14:33:24,10.5.204.151,10.5.33.80,119.81.70.165,"SQL注入攻击,SQL注入"
2020-03-15 14:33:31,10.5.204.126,10.5.33.103,119.81.70.165,"SQL注入攻击,SQL注入"
2020-03-15 14:34:14,10.5.204.115,10.5.38.100,132.232.168.65,"SQL注入攻击,SQL注入"
2020-03-15 14:34:14,132.232.168.65,10.5.192.86,,"SQL注入攻击,SQL注入"
2020-03-15 20:31:35,103.213.96.161,103.126.125.25,123.133.161.201,"SQL注入攻击,SQL注入"
2020-03-15 15:11:43,60.213.21.79,220.249.79.38,,"SQL注入攻击,代码执行"
2020-03-15 15:11:43,60.213.21.79,220.249.79.38,,"SQL注入攻击,SQL注入"
2020-03-15 15:11:46,60.213.21.79,220.249.79.38,,"SQL注入攻击,跨站脚本攻击（XSS）"
2020-03-15 15:11:43,60.213.21.79,220.249.79.38,,"XSS跨站脚本,代码执行"
2020-03-15 15:11:43,60.213.21.79,220.249.79.38,,"XSS跨站脚本,SQL注入"
2020-03-15 15:11:46,60.213.21.79,220.249.79.38,,"XSS跨站脚本,跨站脚本攻击（XSS）"
2020-03-15 15:11:43,60.213.21.79,220.249.79.38,,"SQL注入攻击,代码执行"
2020-03-15 15:11:43,60.213.21.79,220.249.79.38,,"SQL注入攻击,SQL注入"
2020-03-15 15:11:46,60.213.21.79,220.249.79.38,,"SQL注入攻击,跨站脚本攻击（XSS）"
2020-03-15 15:11:43,172.33.128.1,172.33.36.154,60.213.21.79,"SQL注入攻击,代码执行"
2020-03-15 15:11:46,172.33.128.1,172.33.36.154,60.213.21.79,"SQL注入攻击,跨站脚本攻击（XSS）"
2020-03-15 15:11:43,172.33.128.1,172.33.36.154,60.213.21.79,"SQL注入攻击,代码执行"
2020-03-15 15:11:43,172.33.128.1,172.33.36.154,60.213.21.79,"SQL注入攻击,SQL注入"
2020-03-15 15:11:43,172.33.128.1,172.33.36.154,60.213.21.79,"SQL注入攻击,SQL注入"
2020-03-15 15:11:43,172.33.128.1,172.33.36.154,60.213.21.79,"XSS跨站脚本,代码执行"
2020-03-15 15:11:46,172.33.128.1,172.33.36.154,60.213.21.79,"XSS跨站脚本,跨站脚本攻击（XSS）"
2020-03-15 15:11:43,172.33.128.1,172.33.36.154,60.213.21.79,"XSS跨站脚本,代码执行"
2020-03-15 15:11:43,172.33.128.1,172.33.36.154,60.213.21.79,"XSS跨站脚本,SQL注入"
2020-03-15 15:11:43,172.33.128.1,172.33.36.154,60.213.21.79,"XSS跨站脚本,SQL注入"
2020-03-15 15:11:43,172.33.128.1,172.33.36.154,60.213.21.79,"SQL注入攻击,代码执行"
2020-03-15 15:11:46,172.33.128.1,172.33.36.154,60.213.21.79,"SQL注入攻击,跨站脚本攻击（XSS）"
2020-03-15 15:11:43,172.33.128.1,172.33.36.154,60.213.21.79,"SQL注入攻击,代码执行"
2020-03-15 15:11:43,172.33.128.1,172.33.36.154,60.213.21.79,"SQL注入攻击,SQL注入"
2020-03-15 15:11:43,172.33.128.1,172.33.36.154,60.213.21.79,"SQL注入攻击,SQL注入"
2020-03-15 15:11:43,60.213.21.79,172.33.128.1,,"SQL注入攻击,代码执行"
2020-03-15 15:11:43,60.213.21.79,172.33.128.1,,"SQL注入攻击,SQL注入"
2020-03-15 15:11:46,60.213.21.79,172.33.128.1,,"SQL注入攻击,跨站脚本攻击（XSS）"
2020-03-15 15:11:43,60.213.21.79,172.33.128.1,,"SQL注入攻击,代码执行"
2020-03-15 15:11:43,60.213.21.79,172.33.128.1,,"SQL注入攻击,SQL注入"
2020-03-15 15:11:46,60.213.21.79,172.33.128.1,,"SQL注入攻击,跨站脚本攻击（XSS）"
2020-03-15 15:11:43,60.213.21.79,172.33.128.1,,"XSS跨站脚本,代码执行"
2020-03-15 15:11:43,60.213.21.79,172.33.128.1,,"XSS跨站脚本,SQL注入"
2020-03-15 15:11:46,60.213.21.79,172.33.128.1,,"XSS跨站脚本,跨站脚本攻击（XSS）"
2020-03-15 20:19:41,172.33.158.226,172.33.132.6,,"路径穿越攻击,信息泄露"
2020-03-15 20:19:41,219.140.117.244,172.33.159.2,,"路径穿越攻击,信息泄露"
2020-03-15 20:19:41,219.140.117.244,220.249.79.43,,"路径穿越攻击,信息泄露"
2020-03-15 20:20:46,11.32.130.1,219.145.197.18,11.32.130.1,"SQL注入攻击,SQL注入"
2020-03-15 20:20:47,11.32.130.1,219.145.197.18,11.32.130.1,"SQL注入攻击,代码执行"
2020-03-15 20:20:50,11.32.130.1,219.145.197.18,11.32.130.1,"SQL注入攻击,跨站脚本攻击（XSS）"
2020-03-15 20:20:50,11.32.130.1,219.145.197.18,11.32.130.1,"XSS跨站脚本,跨站脚本攻击（XSS）"
2020-03-15 20:20:50,192.168.34.11,192.168.34.10,"11.32.130.1,11.32.130.1","XSS跨站脚本,代码执行"
2020-03-15 20:20:50,192.168.34.11,192.168.34.10,"11.32.130.1,11.32.130.1","XSS跨站脚本,跨站脚本攻击（XSS）"
2020-03-15 17:36:24,124.88.113.193,103.126.126.118,,"路径穿越攻击,信息泄露"
2020-03-15 21:55:22,10.5.204.199,10.5.33.149,94.250.250.186,"SQL注入攻击,SQL注入"
2020-03-15 21:55:26,94.250.250.186,10.5.192.64,,"SQL注入攻击,SQL注入"
2020-03-15 21:55:26,94.250.250.186,10.5.192.64,,"SQL注入攻击,SQL注入"
2020-03-15 21:55:26,10.5.204.251,10.5.33.149,94.250.250.186,"SQL注入攻击,SQL注入"
2020-03-15 21:55:58,10.5.204.116,10.5.33.149,94.250.250.186,"SQL注入攻击,SQL注入"
2020-03-15 16:33:55,11.48.35.40,11.160.162.47,,"JSON反序列化代码执行,命令执行"
2020-03-15 16:33:55,11.48.35.40,11.160.162.47,,"JSON反序列化代码执行,命令执行"
2020-03-15 16:33:55,11.48.35.40,11.160.162.47,,"JSON反序列化代码执行,命令执行"
2020-03-15 16:33:55,11.48.35.40,11.160.162.47,,"JSON反序列化代码执行,命令执行"
2020-03-15 16:33:55,11.48.35.40,11.160.162.47,,"JSON反序列化代码执行,命令执行"
2020-03-15 16:33:55,11.48.35.40,11.160.162.47,,"JSON反序列化代码执行,命令执行"
2020-03-15 16:34:26,11.33.98.70,11.160.162.49,,"JSON反序列化代码执行,命令执行"
2020-03-15 16:34:26,11.33.98.70,11.160.162.49,,"JSON反序列化代码执行,命令执行"
2020-03-15 16:34:26,11.33.98.70,11.160.162.49,,"JSON反序列化代码执行,命令执行"
2020-03-15 16:34:26,11.33.98.70,11.160.162.49,,"JSON反序列化代码执行,命令执行"
2020-03-15 16:34:26,11.33.98.70,11.160.162.49,,"JSON反序列化代码执行,命令执行"
2020-03-15 16:34:26,11.33.98.70,11.160.162.49,,"JSON反序列化代码执行,命令执行"
2020-03-15 16:34:26,11.33.98.70,11.160.162.49,,"JSON反序列化代码执行,命令执行"
2020-03-15 16:34:26,11.33.98.70,11.160.162.49,,"JSON反序列化代码执行,命令执行"
2020-03-15 16:34:26,11.33.98.70,11.160.162.49,,"JSON反序列化代码执行,命令执行"
2020-03-15 16:34:26,11.33.98.70,11.160.162.49,,"JSON反序列化代码执行,命令执行"
2020-03-15 16:34:26,11.33.98.70,11.160.162.49,,"JSON反序列化代码执行,命令执行"
2020-03-15 16:34:26,11.33.98.70,11.160.162.49,,"JSON反序列化代码执行,命令执行"
2020-03-15 16:34:26,11.33.98.70,11.160.162.49,,"JSON反序列化代码执行,命令执行"
2020-03-15 16:34:26,11.33.98.70,11.160.162.49,,"JSON反序列化代码执行,命令执行"
2020-03-15 16:34:26,11.33.98.70,11.160.162.49,,"JSON反序列化代码执行,命令执行"
2020-03-15 23:05:36,123.115.216.227,119.36.239.134,,"路径穿越攻击,信息泄露"
2020-03-15 23:05:36,123.115.216.227,119.36.239.134,,"路径穿越攻击,跨站脚本攻击（XSS）"
2020-03-15 23:05:36,123.115.216.227,119.36.239.134,,"路径穿越攻击,代码执行"
2020-03-15 23:05:36,123.115.216.227,119.36.239.134,,"路径穿越攻击,SQL注入"
2020-03-15 23:22:07,10.3.98.219,10.3.35.25,139.199.1.199,"SQL注入攻击,SQL注入"
